Name,JAPAN-DS Market - DIVIDEND YIELD,JAPAN-DS Market - PRICE INDEX,JAPAN-DS Market - TOT RETURN IND,JAPAN-DS Market - PER,JAPAN-DS Market - PRICE/BOOK RATIO,JAPAN-DS Market - PE RATIO 12M FWD,JAPAN-DS Market - MARKET VALUE,JAPAN-DS Market - ROE,JAPAN-DS Market - TOTAL ASSETS,JAPAN-DS Market - NET DEBT,FTSE JAPAN - PRICE INDEX,NIKKEI STOCK AVERAGE VOLATILITY INDEX - PRICE INDEX,JP ISSUES: CORPORATE STRAIGHT BONDS CURN,JP STOCKS: PUBLIC OFFERINGS - AMOUNT RAISED CURN,JP OVERNIGHT UNCOLLATERISED CALL MONEY RATE (AVG.) NADJ,JP CPI: NATIONAL MEASURE - ANNUAL INFLATION RATE NADJ,"JP MONEY SUPPLY: M2 (METHO-BREAK, APR. 2003) CURA",JP JAPANESE YEN TO US $ NADJ,JP PETROLEUM: CONSUMPTION VOLN,JP UNEMPLOYMENT RATE (METHO BREAK OCT 2010) SADJ,JP INDUSTRIAL PRODUCTION - MINING & MANUFACTURING VOLA
31/12/1989,0.43,768.21,1007.32,60.6,4.05,40.88,535950600,8.35,3.37897E+11,63179940000,179.43,20.32,15000,13236.45,6.448,2.64,455632.2,143.7079,6252.45,2.1,104.4
31/01/1990,0.45,730.66,958.47,57.4,3.82,40.78,513422800,8.23,3.40735E+11,63254620000,169.2,17.56,0,3668.14,6.581,3.34,461555.6,144.9468,5702.94,2.2,103.5
28/02/1990,0.49,681.56,894.37,53.3,3.59,38.91,479338500,8.22,3.41067E+11,63195190000,156.75,15.92,144000,4862.99,6.643,3.82,469357.7,145.615,6045.61,2.2,104.4
30/03/1990,0.56,593.94,779.75,46.5,3.1,35.38,418150400,8.23,3.41119E+11,63194550000,134.73,28.07,120000,7573.41,6.817,3.56,471653.1,153.1964,5666.58,2,106.4
30/04/1990,0.56,591.61,777.05,46.4,2.98,30.98,420146400,7.91,3.99883E+11,69288130000,134.76,55.05,310000,1176.16,7.163,2.71,479005.5,158.3026,4826.67,2.1,106.4
31/05/1990,0.52,649.36,853.3,50,3.27,32.5,461500400,7.91,3.99954E+11,69272400000,149.34,17.79,245000,0,7.259,2.58,481302.1,153.801,4630.68,2.1,107.2
29/06/1990,0.54,625.47,822.26,49.6,3.14,35.06,446524200,7.91,3.99954E+11,69272400000,141.73,20.23,215000,62.54,7.365,2.36,482458.7,153.7429,4687.47,2.2,107.4
31/07/1990,0.56,600.91,790.34,47.8,3.04,33.39,431429100,7.98,4.0125E+11,69264670000,134.8,21.18,35000,0,7.524,2.25,485995.5,149.0486,5128.19,2.1,108.5
31/08/1990,0.64,527.45,694.1,41.7,2.65,30.39,379286800,7.98,4.01324E+11,69227770000,118.86,39.23,100000,0,7.543,2.82,488792.1,147.4855,5392.13,2,109.1
28/09/1990,0.8,420.02,553.03,33.3,2.15,27.63,302039600,7.98,4.01324E+11,69227770000,94.7,38.9,40000,52.41,7.763,2.8,492539.1,138.6645,5169.4,2.1,108.5
31/10/1990,0.67,501.25,660.39,40.1,2.56,22.82,360582100,7.95,4.02073E+11,69403610000,111.48,46.85,235000,137.27,7.811,3.11,495496.5,129.733,5051.23,2.2,110.6
30/11/1990,0.76,446.48,588.6,36.8,2.21,24.97,321194800,7.94,4.02292E+11,69428250000,100.44,34.48,140000,0,8.077,3.92,493905.5,129.03,5326.53,2,109.8
31/12/1990,0.72,469.72,619.59,38.6,2.32,23.4,338872600,7.91,4.04207E+11,70424850000,106.98,29.3,250000,0,8.23,3.7,494983.5,133.6853,6059.84,2,109.8
31/01/1991,0.73,465.91,614.97,38.3,2.26,24.69,336811800,7.92,4.04534E+11,70666160000,106.82,26.11,56000,99.04,8.054,3.9,496005.5,133.6759,5973.13,2,110.8
28/02/1991,0.64,529.64,699.44,43.5,2.63,24.86,383005200,7.92,4.04906E+11,70709610000,121.34,21.12,195000,147.2,8.12,3.56,496075.5,130.43,6210.36,2.1,111
29/03/1991,0.64,533.82,705.33,43.8,2.62,28.96,386025700,7.93,4.04942E+11,70720360000,120.92,25.03,245000,634.52,8.278,3.66,496187.9,137.2175,5815.58,2.2,109.8
30/04/1991,0.64,532.23,703.61,43.6,2.51,28.92,386997800,7.35,4.27743E+11,83285110000,120.8,16.3,360000,0,8.234,3.41,497177,136.9381,5080.9,2.1,110.3
31/05/1991,0.66,533,705.03,44.4,2.5,28.78,387928100,7.35,4.27753E+11,83290230000,121.33,14.56,285000,0,8.033,3.4,498449.9,138.1024,4904.48,2.1,111.4
28/06/1991,0.71,495.5,655.77,41.3,2.31,28.67,360651500,7.35,4.27753E+11,83290230000,111.94,20.94,132000,51.61,8.041,3.41,499766.8,139.725,4810.5,2.1,108
31/07/1991,0.69,506.04,670.14,42.3,2.37,26.83,373578000,7.31,4.28308E+11,83858230000,115.17,18.89,290000,0,7.461,3.52,501911.6,137.8413,5102.84,2.1,110.6
30/08/1991,0.74,472.73,626.42,39.6,2.19,26.09,348982500,7.31,4.28308E+11,83858230000,108.25,24.56,20000,0,7.484,3.29,501868.7,136.7833,5020.77,2.1,109
30/09/1991,0.7,498.2,660.55,41.7,2.34,27.4,368021000,7.31,4.28588E+11,83933130000,114.21,20.07,138700,216.16,7.049,2.61,503748,134.3952,4838.53,2.1,108.9
31/10/1991,0.68,511.26,678.28,44.1,2.37,28.08,378591700,7.26,4.28827E+11,84116110000,117.77,15.13,10000,0,6.858,2.58,505352.6,130.7065,4950.94,2,108.2
29/11/1991,0.75,468.98,622.55,41.1,2.17,27.78,347921200,7.26,4.28845E+11,84139570000,108.32,21.53,320000,0,6.383,3.02,505863.3,129.5881,5682.27,2.1,108.9
31/12/1991,0.75,463.81,616.09,40.5,2.17,26.52,345052700,7.21,4.30374E+11,84322680000,107.28,22.03,330000,20.3,6.31,2.7,505528.1,128.0675,6010.74,2.1,107.4
31/01/1992,0.79,442.56,588.27,38.7,2.09,26.46,329258000,7.21,4.30563E+11,84590130000,101.86,27.04,90000,0,5.526,1.82,505380,125.225,5771.87,2.1,106.5
28/02/1992,0.83,423.74,563.61,37.2,2.01,26.76,315290400,7.2,4.30663E+11,84643940000,96.68,25.37,200000,0,5.683,1.94,504577.9,127.603,6299.14,2,106.1
31/03/1992,0.91,386.2,514.05,34,1.85,25.88,287309800,5.77,4.41641E+11,94225890000,88.34,26.91,251000,12.55,5.653,2.03,505473.8,132.9073,5858.03,2.1,104.4
30/04/1992,0.97,361.44,481.5,31.8,1.77,27.2,268948200,5.77,4.4166E+11,94277930000,82.29,23.59,240000,0,4.766,2.45,504758.6,133.423,5202.77,2.1,104.1
29/05/1992,0.93,375.85,501.08,37.3,1.84,29.85,279755300,5.77,4.4166E+11,94277930000,85.48,30.7,460000,0,4.745,2.12,503391.2,130.6353,4796.61,2.1,101.6
30/06/1992,1.03,338.53,451.7,33.7,1.67,27.73,252039900,5.55,4.42261E+11,94317120000,76.56,31.93,310000,0,4.753,2.34,503733.1,126.7964,4926.8,2.1,103.9
31/07/1992,1.04,334.3,446.45,33.4,1.63,28.91,249002400,5.55,4.42261E+11,94317120000,76.34,29.94,285000,0,4.531,1.6,502558.3,125.7726,5151.94,2.1,103.5
31/08/1992,0.92,377.45,504.51,38.5,1.8,24.89,281392100,5.55,4.42258E+11,94340450000,87.55,40.18,265000,0,4.119,1.7,503017,126.397,4972.35,2.2,100.3
30/09/1992,0.98,356.42,476.78,36.4,1.7,31.08,265727600,5.53,4.42187E+11,94361160000,82.58,38.4,120000,0,4.227,2.12,501433.8,122.5682,5111.37,2.2,104.4
30/10/1992,1,349.07,467.33,36.7,1.65,31.02,260749600,5.51,4.42253E+11,94300010000,80.71,27.96,315000,0,4.074,1.15,502133.1,121.1023,5292.52,2.2,101
30/11/1992,0.95,361.17,483.92,40.3,1.7,30,269800200,5.52,4.42349E+11,94411750000,83.95,23.3,155000,0,3.946,0.73,503120.5,123.8433,5663.77,2.3,99.6
31/12/1992,0.96,358.53,480.79,40.3,1.68,33.41,267869700,5.43,4.42856E+11,94967960000,82.89,20.78,319000,0,3.895,1.16,504020.5,123.9467,6291.32,2.3,99
29/01/1993,0.97,357.17,479.35,40.3,1.68,34.25,266897100,5.43,4.42852E+11,94977920000,82.53,20.35,275000,0,3.9,1.26,504400.2,125.0105,5803.81,2.3,100.8
26/02/1993,0.97,354.07,475.54,40.3,1.66,34.9,264779900,5.4,4.43101E+11,95153550000,81.51,19.3,500000,33.02,3.276,1.48,505420.9,120.68,6213.07,2.3,101.9
31/03/1993,0.87,397.43,534.21,45.7,1.89,36.89,297205000,3.72,4.40669E+11,1.00681E+11,90.44,24.66,576000,4.17,3.1,1.15,503831.3,116.9722,6212.97,2.3,97.8
30/04/1993,0.77,449,603.93,51.8,2.16,44.89,336185100,3.72,4.40727E+11,1.00697E+11,102.29,20.71,11000,0,3.13,0.83,507085.2,112.317,5465.07,2.3,99.6
31/05/1993,0.75,450.56,606.4,55.3,2.14,45.19,337407000,3.72,4.40737E+11,1.00696E+11,102.1,22.46,195000,0,3.14,0.83,510144.3,110.3101,4737.68,2.5,100.9
30/06/1993,0.77,434.67,585.39,57.8,2.04,43.86,325582800,3.65,4.40523E+11,1.0128E+11,99.03,20.91,540000,0,3.15,0.83,510372.8,107.3182,4926.93,2.5,99.1
30/07/1993,0.73,457.2,616.13,60.8,2.12,45.98,342560800,3.65,4.40523E+11,1.0128E+11,104.38,18.92,67000,0,3.13,1.99,510281.6,107.7077,4803.84,2.5,99.6
31/08/1993,0.72,466.73,629.36,62.5,2.17,47.87,350020600,3.66,4.40533E+11,1.0127E+11,106.43,19.11,100000,0,2.885,1.88,511337.5,103.8,4711.1,2.5,98.7
30/09/1993,0.74,449.83,606.95,60.1,2.09,48.67,340896000,3.61,4.40403E+11,1.01221E+11,102.17,16.89,595000,0,2.44,1.45,511222.8,105.4232,4796.6,2.6,98.7
29/10/1993,0.74,451.6,609.7,60.2,2.08,50.13,345517800,3.59,4.4035E+11,1.01137E+11,103.69,16.03,165000,0,2.395,1.24,511569.3,106.9627,4954.39,2.7,97.4
30/11/1993,0.85,382.63,516.92,54,1.8,49.1,292970200,3.63,4.40421E+11,1.0115E+11,87.66,33.45,266000,0,2.095,0.94,511091.6,107.8359,5463.8,2.7,97.3
31/12/1993,0.81,401.52,542.83,57,1.88,47.44,307462900,3.56,4.40171E+11,1.01409E+11,91.8,27.06,420000,0,2.155,1.04,511478.2,109.7862,6247.32,2.8,96.5
31/01/1994,0.72,455.22,615.81,64.7,2.14,51.73,348942800,3.55,4.40201E+11,1.01381E+11,103.54,35.78,0,0,2.105,1.25,512523,111.3485,5837.48,2.8,95.4
28/02/1994,0.72,456.96,618.52,65.7,2.15,53.19,350302200,3.57,4.40436E+11,1.01496E+11,103.57,29.16,425000,0,2.035,1.14,513031.8,106.1985,6445.96,2.9,97
31/03/1994,0.75,436.66,591.42,63,2.06,56.53,335001100,2.77,4.47255E+11,1.09068E+11,98.53,28.3,195000,18.54,2.075,1.35,513767.5,105.203,6215.81,2.9,97.9
29/04/1994,0.73,446.12,604.59,63.9,2.1,54.07,342416100,2.77,4.47255E+11,1.09068E+11,101.25,19.64,335000,1000,2.175,0.82,517625.6,103.4705,5225.4,2.8,99
31/05/1994,0.7,466.46,632.54,68.3,2.2,54.6,358047200,2.76,4.47273E+11,1.09061E+11,106.74,18.13,325000,0,2.03,0.82,517905.8,103.831,4745.32,2.8,98.6
30/06/1994,0.7,464.48,630.23,72.5,2.19,56.58,356963300,2.7,4.47508E+11,1.08657E+11,105.68,20.88,375000,0,2.015,0.51,517675.5,102.5559,5036.67,2.8,99.9
29/07/1994,0.71,454.12,616.51,70.9,2.15,53.59,349276200,2.7,4.47508E+11,1.08657E+11,103.28,16.65,185000,0,2.025,-0.21,520216.7,98.4648,5453.16,2.9,100.8
31/08/1994,0.71,456.21,619.75,69.2,2.19,56.76,352176100,2.7,4.47511E+11,1.08642E+11,103.61,13.43,210000,141.93,2.215,0,521298.6,99.91,5535.52,3,101.6
30/09/1994,0.74,438.66,596.28,66.7,2.11,53.48,340490200,2.7,4.47539E+11,1.08629E+11,99.84,16.37,210000,105.97,2.19,0.2,523492.1,98.7491,5249.87,3,101
31/10/1994,0.74,440.16,598.68,67.5,2.12,51.88,344490500,2.71,4.47623E+11,1.08571E+11,100.58,13.59,30000,0,2.185,0.82,524419,98.4305,5293.03,3,102
30/11/1994,0.76,422.51,575.03,65.4,2.04,48.91,330978300,2.72,4.4763E+11,1.08571E+11,96.79,12.58,310000,511.02,2.17,1.03,524990,98.0009,5898.9,2.9,102.6
30/12/1994,0.74,433.37,590.19,67.1,2.09,46.63,339756000,2.72,4.4763E+11,1.08571E+11,98.98,11.54,370000,120.88,2.21,0.62,526717.9,100.1555,6554.71,2.9,103.2
31/01/1995,0.8,403.21,549.48,62.2,1.92,45.43,316762600,2.76,4.48129E+11,1.08102E+11,92.67,18.91,143000,0,2.145,0.51,528391.4,99.6658,5960.61,3,100.6
28/02/1995,0.86,371.99,507.25,57,1.78,40.11,292567600,2.76,4.48405E+11,1.08245E+11,85.61,26.31,540000,0,2.14,0.21,531014,98.17,6696.36,3,102.7
31/03/1995,0.89,363.81,496.49,54.7,1.76,36.2,286255900,2.84,4.57838E+11,1.09514E+11,83.16,30.53,232000,55.57,1.85,-0.31,531857.5,90.4843,6262.13,3.1,103.7
28/04/1995,0.89,369.16,504.14,55.7,1.71,36.24,290806800,2.84,4.57838E+11,1.09514E+11,84.88,19.74,285000,0,1.315,-0.2,533202.1,83.7689,5503.97,3.1,105
31/05/1995,0.91,348.33,476.07,54.5,1.61,35.39,274508800,2.85,4.57848E+11,1.09507E+11,80.23,22.79,575000,0,1.19,-0.1,533291.6,85.1762,4978.94,3,102.9
30/06/1995,0.94,334.93,458.11,52.3,1.57,32.55,264091100,2.85,4.57853E+11,1.09508E+11,76.47,30.32,445000,0,1.18,0.2,533589.2,84.5305,4920.2,3.1,103.2
31/07/1995,0.85,372.71,510.14,58,1.72,37.6,294299900,2.85,4.57853E+11,1.09508E+11,85.63,25.85,404000,500,0.69,0.1,534354.9,87.2681,5038.19,3.1,101.6
31/08/1995,0.79,399.64,547.41,62.4,1.89,38.97,315763500,2.85,4.57896E+11,1.0949E+11,91.07,25.71,320000,0,0.7,-0.2,535411.2,94.6273,5519.32,3.2,102.5
29/09/1995,0.78,404.53,554.45,63.1,1.91,40.44,319870700,2.85,4.57896E+11,1.0949E+11,92.14,28.08,631000,0,0.385,0.1,537587,100.3776,5327.57,3.2,101.6
31/10/1995,0.8,397.46,545.12,61.7,1.89,37.37,315182100,2.86,4.57922E+11,1.095E+11,90.18,24.42,400200,0,0.365,-0.71,537803.6,100.7786,5076.97,3.2,102.9
30/11/1995,0.77,415.09,569.68,59.2,1.94,36.29,329401900,2.85,4.57944E+11,1.09509E+11,94.87,18.37,450000,0,0.295,-0.71,542286.7,101.8832,5834.9,3.4,103.7
29/12/1995,0.73,440.11,604.39,62.7,2.04,37.03,349378300,2.85,4.57944E+11,1.09509E+11,101.02,17.17,621000,224.84,0.4,-0.41,543587.7,101.7721,6822.68,3.4,105
31/01/1996,0.72,448.71,616.59,63.8,2.09,37.7,356768000,2.89,4.58559E+11,1.09375E+11,102.9,19.32,181000,0,0.35,-0.51,544421.8,105.6241,6165.23,3.5,103.1
29/02/1996,0.74,435.24,598.44,62,2.05,37.41,346250000,2.92,4.59137E+11,1.09499E+11,99.39,20.77,857000,1006.5,0.41,-0.41,545554.1,105.6862,6717.38,3.4,103.3
29/03/1996,0.71,455.51,626.68,64.8,2.14,34.81,362019100,2.93,4.59177E+11,1.09505E+11,104.37,18.95,550000,31.64,0.395,-0.1,547677.8,105.92,6279.29,3.2,103.1
30/04/1996,0.68,475.48,654.53,67.5,2.17,38.24,382468900,4.47,4.83201E+11,1.15193E+11,108.49,17.29,532000,11.14,0.44,0.2,547976.5,107.1675,5568.9,3.4,103.3
31/05/1996,0.69,466.65,642.76,62.9,2.12,37.04,375361300,4.47,4.83208E+11,1.15188E+11,106.37,17.23,682000,16.26,0.395,0.2,550174.9,106.3948,4974.39,3.4,104.1
28/06/1996,0.68,476.54,656.73,64,2.17,38.11,383329000,4.47,4.83208E+11,1.15188E+11,108.61,15.32,477000,126.02,0.41,0,553304.3,108.947,4935.03,3.4,104.2
31/07/1996,0.73,443.17,611.13,59.3,2.03,36.44,356657400,4.48,4.83227E+11,1.15177E+11,100.67,16.78,427000,207.64,0.37,0.41,554019.8,109.2187,5329.48,3.4,105
30/08/1996,0.74,432.12,596.26,58.5,2,35.35,349834200,4.48,4.83227E+11,1.15177E+11,98.07,16.96,387000,821.38,0.38,0.21,555291.6,107.8533,5394.87,3.3,105.5
30/09/1996,0.71,455.4,628.75,61.3,2.08,35.67,369132800,4.48,4.83275E+11,1.1517E+11,103.89,15.95,413000,84.25,0.38,0,556694.2,109.8276,5182.37,3.3,106.6
31/10/1996,0.75,434.19,599.85,57.5,1.99,35.49,352595500,4.48,4.83291E+11,1.15171E+11,98.95,16.77,306000,0,0.37,0.51,557946.5,112.3822,5407.1,3.4,107
29/11/1996,0.75,438.86,606.67,57.6,2.01,34.58,356469800,4.48,4.83293E+11,1.15169E+11,100.31,14.83,623000,126.64,0.33,0.51,559186.8,112.2552,5936.63,3.3,107.4
31/12/1996,0.79,416.9,576.69,54.7,1.94,34.44,340024300,4.55,4.83644E+11,1.15053E+11,94.7,18.09,711500,28.5,0.335,0.62,559449,113.9255,6475.32,3.4,108.4
31/01/1997,0.84,391.01,541.28,51.3,1.86,31.5,318933000,4.55,4.83768E+11,1.14962E+11,88,29.21,230500,0,0.33,0.62,560339.5,117.8645,6224.52,3.3,109.8
28/02/1997,0.83,396.48,549.2,51.6,1.86,31.62,323419400,4.54,4.84186E+11,1.15061E+11,89.54,25,527000,189.45,0.34,0.62,560902.3,123.0005,6679.93,3.4,110.1
31/03/1997,0.84,392.61,544.2,51.5,1.84,30.15,320305900,4.84,5.10472E+11,1.20271E+11,88.72,28.41,320000,116.86,0.37,0.51,562345,122.5721,6081.42,3.3,110.8
30/04/1997,0.79,413.36,573.36,50.7,1.99,30.08,337246200,4.84,5.10472E+11,1.20271E+11,93.49,19.19,713000,0,0.43,1.94,565321.8,125.6259,5255.9,3.2,107.9
30/05/1997,0.77,428.55,594.82,50.7,2.05,32.84,349732400,4.84,5.10472E+11,1.20271E+11,96.03,21.3,681000,0,0.43,1.94,566772.9,118.7825,5031.03,3.4,111
30/06/1997,0.74,447.74,621.83,52.9,2.11,32.64,365434600,4.85,5.10503E+11,1.20279E+11,100.99,19.64,801000,47.29,0.46,2.25,569049.2,114.3133,5084.6,3.4,110.2
31/07/1997,0.74,448.15,622.81,52.9,2.1,31.95,366182700,4.85,5.10503E+11,1.20279E+11,100.86,17.07,513000,118.53,0.45,1.94,570975.2,115.2139,5401.1,3.4,110.9
29/08/1997,0.79,414.52,576.43,48.8,1.93,31.04,339436000,4.85,5.10503E+11,1.20279E+11,93.41,22.59,480000,52.68,0.42,2.15,573024.2,117.7925,5354.35,3.4,110.3
30/09/1997,0.81,405.73,564.59,47.6,1.88,29.06,334918700,4.85,5.10564E+11,1.20282E+11,91.84,24.35,600000,92.34,0.41,2.45,573875.6,120.8123,5371.67,3.5,109.4
31/10/1997,0.88,373.07,519.52,43.2,1.78,29.08,309246500,4.85,5.10605E+11,1.20276E+11,83.51,32.84,333000,450.8,0.4,2.55,574428.8,120.9543,5365.13,3.5,108.6
28/11/1997,0.9,368.42,513.41,42.1,1.73,27.97,305662200,4.85,5.10612E+11,1.20255E+11,82.67,35.08,391000,0,0.27,2.15,576954,125.3855,5681.4,3.5,107.2
31/12/1997,0.95,349.63,487.63,40.2,1.61,26.84,290051300,4.79,5.11098E+11,1.20313E+11,78.32,29.92,937000,0,0.29,1.84,580756.9,129.6243,6403.52,3.5,106.2
30/01/1998,0.89,374.12,522.2,43,1.75,25.91,310412300,4.79,5.11091E+11,1.20311E+11,83.75,27.34,910000,0,0.31,1.84,584767.5,129.511,6064.71,3.6,107.7
27/02/1998,0.89,374.3,522.8,42.8,1.75,28.54,310693900,4.75,5.11161E+11,1.20512E+11,83.74,25.36,1348000,0,0.34,1.94,588535.1,125.782,6416.57,3.6,105
31/03/1998,0.9,368.85,515.57,42.2,1.73,28.85,306468900,4.07,5.30437E+11,1.33683E+11,82.37,41.72,1062500,399.5,0.34,2.25,587817.6,129.0932,5861.39,3.8,102.8
30/04/1998,0.9,362.59,507.21,41.6,1.74,29.82,301614100,4.07,5.30487E+11,1.3369E+11,80.6,27.27,1077900,169.1,0.39,0.4,588642.7,131.9265,5040.03,4,102.2
29/05/1998,0.91,362.21,507.06,47,1.77,29.87,301389800,4.07,5.30487E+11,1.3369E+11,80.4,21.32,1194000,1503.7,0.35,0.5,590924.5,134.9495,4761.71,4.1,101.3
30/06/1998,0.9,364.81,511.11,47.5,1.79,29.87,303820000,4.06,5.30538E+11,1.33669E+11,81.06,25.8,1383000,675.85,0.38,0.1,591266.1,140.2682,4969.97,4.1,101.4
31/07/1998,0.87,375.94,527.11,49,1.85,32.53,313173200,4.06,5.30538E+11,1.33669E+11,83.01,23.33,1013000,0,0.36,-0.1,594029.6,140.6987,5274.9,4.1,101.2
31/08/1998,1,330.11,463.2,42.1,1.64,30.25,275479600,4.06,5.30598E+11,1.33682E+11,72.27,34.88,998000,9.36,0.36,-0.3,597478.8,144.8255,5240.55,4.4,99
30/09/1998,1.05,312.12,438.33,39.8,1.55,28.4,260849700,4.06,5.30721E+11,1.33681E+11,68.15,40.13,859500,24.3,0.17,-0.2,599211.5,134.4605,5054.93,4.3,100.6
30/10/1998,1.03,308.46,433.58,41.5,1.52,26.23,266553100,4.06,5.30721E+11,1.33681E+11,68.33,34.27,795000,0,0.11,0.2,599410.7,120.9364,5048.52,4.3,100
30/11/1998,0.93,339.81,478.02,53.1,1.69,30.25,294078200,4.06,5.30731E+11,1.33681E+11,75.55,28.29,1024500,0,0.15,0.8,604654.2,120.33,5570.7,4.5,99.6
31/12/1998,0.97,324.49,456.86,50.5,1.64,30.59,281183500,4.09,5.30507E+11,1.33749E+11,71.65,24.55,977500,0,0.25,0.6,606469.9,117.0476,6339.35,4.4,99.4
29/01/1999,0.94,336.94,474.76,52.5,1.7,30.39,292277800,4.09,5.30507E+11,1.33749E+11,74.25,26.08,275000,0,0.23,0.2,608088.5,113.312,5835,4.5,100.6
26/02/1999,0.93,337.35,475.69,52.5,1.71,32.4,293733600,4.09,5.3046E+11,1.33735E+11,73.88,24.44,376000,218.64,0.12,-0.1,610946.6,116.5645,6413.36,4.6,100.6
31/03/1999,0.82,383.15,540.69,59.9,1.92,37.62,334560000,2.25,5.15817E+11,1.32391E+11,83.51,27.87,480000,31.56,0.09,-0.4,612593.6,119.5004,6141.13,4.7,102.3
30/04/1999,0.77,405.54,572.65,64.3,2,40.36,354478300,2.26,5.15819E+11,1.32384E+11,87.72,25.04,791000,0,0.05,-0.1,611524.5,119.5975,5379.07,4.7,100.1
31/05/1999,0.8,392.65,554.81,64.3,1.96,39.58,344323600,2.26,5.15891E+11,1.32344E+11,85.04,21.76,730500,752,0.03,-0.4,614688.9,122.0916,4841.45,4.7,102
30/06/1999,0.7,433.93,613.51,70.8,2.17,42.1,380563700,2.26,5.15909E+11,1.3234E+11,92.49,23.17,950000,237.8,0.03,-0.3,616754.5,120.7414,5023.03,4.8,101.1
30/07/1999,0.67,454.17,642.5,74,2.27,44.04,398443300,2.26,5.15909E+11,1.3234E+11,96.76,24.1,535000,114.83,0.025,-0.1,617487.5,119.4795,5145,4.8,101.9
31/08/1999,0.68,448.47,634.78,73,2.18,41.94,393996500,2.27,5.1603E+11,1.32366E+11,94.89,22.7,319000,324.75,0.02,0.3,618614.1,113.349,5331.13,4.7,102.4
30/09/1999,0.65,466.31,660.41,75.9,2.19,40.95,409822500,2.27,5.16041E+11,1.32361E+11,97.92,22.74,635000,488.87,0.025,-0.2,619203.3,106.975,5415.33,4.6,103.2
29/10/1999,0.62,487.85,691.27,78.8,2.22,40.88,429505500,2.27,5.16041E+11,1.32361E+11,101.25,20.28,623000,565.87,0.025,-0.69,620690.2,106.0033,5141.84,4.6,103.3
30/11/1999,0.58,517.66,733.87,79.6,2.31,41.92,456263400,2.26,5.1605E+11,1.32342E+11,105.14,20.85,722000,213.11,0.03,-1.19,622107.5,104.6532,5788.13,4.6,104.6
31/12/1999,0.55,543.88,771.44,83.1,2.44,41,476864500,2.26,5.15609E+11,1.32006E+11,111.09,21.72,476000,549.7,0.06,-1.1,622941.9,102.7195,6798.29,4.7,104.4
31/01/2000,0.55,539.96,766.24,82.8,2.45,42.14,474621700,2.17,5.15551E+11,1.31841E+11,110.53,22.51,450000,370.44,0.025,-0.7,623791.7,105.4075,5458.26,4.7,104.4
29/02/2000,0.55,548.76,779.07,84.4,2.55,42.66,482425900,2.18,5.15689E+11,1.31958E+11,109.53,19.75,1028000,104.13,0.04,-0.6,623599.7,109.4443,6404.48,4.9,104.1
31/03/2000,0.56,542.17,770.11,83.5,2.5,37.84,476293600,2.81,5.23556E+11,1.27139E+11,111.1,19.56,528000,46.17,0.03,-0.5,624794.3,106.3113,6264.74,4.9,105.9
28/04/2000,0.56,521.79,741.48,78.1,2.2,36.73,469257000,2.81,5.2356E+11,1.27136E+11,109.14,22.73,672000,493.74,0.03,-0.8,628892.6,105.6339,5155.23,4.8,107.3
31/05/2000,0.62,477.83,679.36,58.8,2.09,38.21,429994200,2.82,5.23624E+11,1.27107E+11,101.33,27.79,590000,78.32,0.025,-0.7,627928.2,108.2719,4831.84,4.6,106.9
30/06/2000,0.6,499.36,710.34,61,2.21,36.68,449341400,2.82,5.23636E+11,1.27112E+11,105.68,22.59,762000,163.93,0.065,-0.6,628445.4,106.0632,4839.37,4.7,108.5
31/07/2000,0.66,453.84,645.9,55.4,2,35.16,408463600,2.82,5.23636E+11,1.27112E+11,97.04,23.62,571000,0,0.075,-0.5,629479.1,108.1167,5190.94,4.7,107.9
31/08/2000,0.64,473.35,674.06,57.6,2.07,33.42,426182700,2.84,5.23893E+11,1.27022E+11,100.8,21.97,740400,0,0.3,-0.5,630006.2,108.1105,5445.32,4.6,109.4
29/09/2000,0.64,457.9,652.4,56.2,1.93,31.44,412358400,2.84,5.23893E+11,1.27022E+11,97.99,24.35,741500,132.08,0.31,-0.9,631221.4,106.7429,5387.83,4.7,107.2
31/10/2000,0.68,428.78,611.25,52.9,1.8,29.64,387274500,2.84,5.24026E+11,1.27019E+11,93.1,24.85,691000,661.73,0.275,-1.1,633586,108.4455,4966.06,4.7,108.9
30/11/2000,0.7,421.77,601.59,52.9,1.78,27.94,381099800,2.83,5.24042E+11,1.27015E+11,91.56,23.01,516200,2847,0.325,-0.8,633784.7,108.9832,5539.33,4.7,109.3
29/12/2000,0.74,396.83,566.34,49.7,1.7,27.57,358576600,2.83,5.24043E+11,1.27014E+11,87.48,23.27,685000,43.92,0.505,-0.4,635905.8,112.0874,6168.58,4.8,110.7
31/01/2001,0.73,402.97,575.49,50.9,1.78,25.14,368436700,2.85,5.25069E+11,1.27281E+11,88.25,22.16,385000,0,0.295,-0.3,637630.3,116.7968,5991.16,4.8,106
28/02/2001,0.77,384.1,548.86,49.3,1.69,24.54,352013800,2.87,5.26257E+11,1.27446E+11,84.1,22.5,630000,9615.29,0.21,-0.3,639548.4,116.2215,6324.71,4.7,107.2
30/03/2001,0.74,394.37,563.9,50.7,1.76,22.7,350140700,2.88,5.26444E+11,1.27448E+11,86.58,36.84,653000,760.75,0.06,-0.71,640592.5,121.4032,5810.42,4.8,105.4
30/04/2001,0.67,419.96,600.83,52.5,1.82,24.82,389098200,5.21,5.57788E+11,1.34677E+11,92.58,28.03,802100,0,0.02,-0.7,643277.6,123.6911,5067.43,4.8,104.3
31/05/2001,0.72,403.1,577.06,47.5,1.78,26.84,373905700,5.22,5.57848E+11,1.34659E+11,88.69,26.47,888000,30.55,0.01,-0.7,644624,121.8043,4862.16,4.9,102.2
29/06/2001,0.74,398.47,570.77,47.5,1.79,25.77,369465600,5.22,5.57848E+11,1.34659E+11,87.51,26.09,1099000,351.08,0.025,-0.81,646253.9,122.3071,4793.83,5,101
31/07/2001,0.81,364.77,522.85,44.6,1.65,24.87,338909700,5.2,5.58335E+11,1.35131E+11,80.03,29.7,589000,30.91,0.02,-0.81,647863.2,124.5336,5081.45,5,99.4
31/08/2001,0.88,337.31,483.83,40.7,1.52,24.81,313529100,5.15,5.5853E+11,1.35147E+11,74.16,34.07,417000,908.36,0.005,-0.71,648700.9,121.4327,5157.61,5.1,98.2
28/09/2001,0.95,313.53,450.04,38.3,1.39,22.22,291409200,5.15,5.58511E+11,1.35199E+11,67.83,44.81,787300,28.12,0.0145,-0.81,650808.2,118.579,4909.37,5.3,96.2
31/10/2001,0.9,324.18,465.7,39.8,1.46,24.68,302683900,5.51,6.45066E+11,1.19468E+11,70.35,39.06,705000,41.22,0.007,-0.81,651700.2,121.3378,4888.55,5.3,96.1
30/11/2001,0.91,322.18,463.19,41.3,1.47,24.15,300850200,5.51,6.45031E+11,1.19516E+11,70.87,31.04,860000,0,0.027,-1.01,652752.6,122.3709,5431.57,5.4,94.5
31/12/2001,0.94,316.38,455.2,40.8,1.47,26.02,295392000,5.47,6.46201E+11,1.19972E+11,70.41,29.6,457000,248.53,0.011,-1.21,657681.9,127.3679,6126.52,5.4,95.5
31/01/2002,0.98,297.82,428.87,38.1,1.4,25.43,280539100,5.4,6.46147E+11,1.20035E+11,66.34,31.63,325000,0,0.003,-1.42,660284.4,132.6691,5646.06,5.2,94.8
28/02/2002,0.94,309.98,446.71,41,1.45,24.79,292135700,5.36,6.46132E+11,1.20101E+11,68.96,32.01,763000,526.16,0.0055,-1.62,662055.4,133.593,5964.18,5.3,96.3
29/03/2002,0.9,325.09,468.82,42,1.51,26.97,305142300,5.34,6.4613E+11,1.20135E+11,71.97,31.12,480000,16.48,0.003,-1.22,664371,130.9385,5390.77,5.3,97.1
30/04/2002,0.86,331.46,478.36,41.4,1.68,26.24,315417300,0,7.08941E+11,1.5396E+11,73.44,25.87,615000,10.18,0.003,-1.12,666202.4,130.601,4832.9,5.3,96.5
31/05/2002,0.8,343.31,495.83,47.2,1.72,24.81,326644500,0,7.09012E+11,1.53972E+11,75.66,23.75,769000,0,0.005,-0.91,667117.6,126.2709,4443.42,5.4,100.7
28/06/2002,0.86,314.28,454.18,47,1.58,23.38,298920400,0,7.09013E+11,1.53973E+11,69.28,28.99,485000,19.85,0.005,-0.71,668097.8,123.2189,4519.6,5.5,99.6
31/07/2002,0.92,295.83,427.87,44.1,1.48,21.76,280940500,0.13,7.09717E+11,1.53633E+11,64.58,32.47,809000,643.54,0.004,-0.82,668993.2,118.0439,5004.81,5.4,100.3
30/08/2002,0.94,288.6,417.73,41.8,1.45,20.9,274110500,0.17,7.09964E+11,1.53632E+11,63.27,30.03,275000,60.35,0.0035,-0.91,670646.7,118.9886,4975.61,5.5,100.6
30/09/2002,0.95,281.52,407.79,40,1.42,20.54,266382200,0.88,7.09591E+11,1.32322E+11,62.06,34.88,525200,216.98,0.01,-0.71,671129.5,120.8681,5015.37,5.4,101.3
31/10/2002,1.03,264.31,383.22,34.6,1.32,19.27,251687300,0.88,7.09588E+11,1.32305E+11,58.18,33.78,640000,20.63,0.009,-0.92,672843.2,123.8683,5078.97,5.4,101.4
29/11/2002,1.02,273.55,396.94,32.5,1.39,18.24,260504900,0.88,7.0959E+11,1.32306E+11,60.59,26.36,612000,0,0.012,-0.41,673356.3,121.4829,5897.97,5.2,101
31/12/2002,1.08,258.69,375.72,34.3,1.33,18.22,246408100,1.29,7.10874E+11,1.32885E+11,57.31,28.3,853000,18.92,0.0085,-0.31,672766.8,121.91,6558.32,5.4,100.9
31/01/2003,1.11,251.61,365.78,33.1,1.3,17.98,240301600,1.36,7.10835E+11,1.32897E+11,55.65,28.45,504000,0,0.009,-0.41,673713.3,118.7905,6029.9,5.4,101.4
28/02/2003,1.11,250.47,364.42,32.9,1.32,17.72,239269600,1.38,7.10959E+11,1.33013E+11,55.25,25.82,642000,5.2,0.009,-0.21,674891.8,119.4305,6449.75,5.2,101
31/03/2003,1.16,240.79,350.67,31.5,1.26,16.04,230019600,4.39,9.45412E+11,1.92511E+11,52.7,26.78,589000,2307.59,0.0145,-0.1,675592,118.619,6046.55,5.4,101.6
30/04/2003,1.15,243.67,355.2,31.9,1.16,15.75,233400200,4.39,9.45459E+11,1.9252E+11,52.58,20.75,571000,0,0.0155,-0.1,672655.5,119.8935,5107.23,5.5,100.3
30/05/2003,1.13,255.59,372.94,33.6,1.23,16.93,244836100,4.39,9.4549E+11,1.92517E+11,55.22,20.28,1062000,0,0.012,-0.2,674616.8,117.3195,4884.1,5.4,101.7
30/06/2003,1.04,275.53,402.38,36.5,1.33,18.13,263956800,4.28,9.58187E+11,1.8583E+11,59.65,21.96,1086000,64.73,0.0085,-0.41,676599.5,118.33,4932.43,5.4,100.9
31/07/2003,1,287.21,419.81,38.2,1.38,19.29,276794600,4.28,9.58101E+11,1.85747E+11,62.37,22.59,382000,40.72,0.0085,-0.21,677501.1,118.657,4805.94,5.2,101.6
29/08/2003,0.94,306.07,447.73,39.9,1.46,18.48,295504100,4.28,9.58287E+11,1.85733E+11,66.71,22.96,573000,150.72,0.007,-0.31,680230.4,118.755,4823.94,5.1,100.3
30/09/2003,0.92,313.02,458.25,40.7,1.5,20.61,302339800,5.15,9.64449E+11,1.26588E+11,67.53,27.35,369800,36.99,0.008,-0.2,678956.2,114.9105,4913.27,5.2,103.2
31/10/2003,0.91,322.31,472.21,38.6,1.53,20.28,314429200,5.15,9.6446E+11,1.26585E+11,69.3,26.39,683000,219.66,0.007,0,679564.4,109.4709,5188.81,5.1,105
28/11/2003,0.97,308.88,452.87,37,1.46,17.78,301343000,5.15,9.64461E+11,1.26588E+11,66.88,25.49,470000,471.54,0.0075,-0.51,680042.3,109.1465,5315.03,5.1,104.7
31/12/2003,0.93,321.8,472.21,38.5,1.52,17.88,314399200,5.31,9.67579E+11,1.26932E+11,69.98,25.02,449000,2375.17,0.0065,-0.41,680287.5,107.7895,6183.23,4.9,104.6
30/01/2004,0.93,322.37,473.42,38.7,1.51,18.45,316905700,5.31,9.67576E+11,1.26929E+11,70.25,22.9,205000,19,0.0045,-0.31,681751,106.3014,5813.35,4.9,106.3
27/02/2004,0.91,332.66,488.88,39.6,1.59,17.94,327224100,5.32,9.68168E+11,1.2678E+11,72.29,24.48,725000,1126.85,0.0035,0,683372.1,106.653,6001.62,5,106.1
31/03/2004,0.84,363.12,534.06,43.2,1.71,18.42,357237000,8.06,9.95935E+11,1.81488E+11,77.98,23.43,417000,703.78,0.0045,-0.1,684395.5,108.5165,5791.39,4.8,105.6
30/04/2004,0.88,367.36,540.69,40.9,1.64,19.57,365239300,8.06,9.95969E+11,1.81483E+11,78.42,21.1,635000,449.14,0.0045,-0.41,685280.7,107.7975,5032.93,4.8,107.4
31/05/2004,0.93,352.02,518.5,32.1,1.58,17.11,350083600,8.06,9.96181E+11,1.81515E+11,75.71,23.28,484000,131.25,0.004,-0.51,688090.2,112.2853,4657.42,4.7,107.4
30/06/2004,0.9,367.82,542.19,33.4,1.65,17.66,365776900,8.28,1.01294E+12,1.24987E+11,78.7,21.57,436000,1063.97,0.0055,0,688492.1,109.3914,4717.67,4.7,107.7
30/07/2004,0.94,351.02,517.84,32,1.58,17.68,350841600,8.28,1.01294E+12,1.24987E+11,75.56,20.58,332000,1416.75,0.0055,-0.1,690146.6,109.4336,5055.52,4.9,109
31/08/2004,0.95,347.61,513.23,31.5,1.57,16.08,347759400,8.29,1.01318E+12,1.24926E+11,74.74,19.36,507000,1110.03,0.006,-0.21,692897.1,110.269,5214.58,4.8,107.8
30/09/2004,1,338.26,499.83,30.6,1.54,16.54,338361900,8.12,1.03134E+12,1.41785E+11,73.06,17.63,463500,575.77,0.008,0,692121.8,110.1009,4894.8,4.6,108
29/10/2004,1.06,332.98,492.43,28.7,1.52,16.17,334601500,8.12,1.03134E+12,1.41785E+11,72.09,19.09,615000,168.34,0.0055,0.51,692886.2,108.8181,5073.13,4.6,106.4
30/11/2004,1.07,337.41,499.42,26.3,1.55,15.78,341254400,8.13,1.0316E+12,1.42198E+11,73.16,17.09,460000,316.82,0.0045,0.83,693380.7,104.7077,5159.67,4.5,107.4
31/12/2004,1.03,353.22,523.33,27.5,1.62,15.29,357186600,8.33,1.04913E+12,1.47515E+11,76.66,17.39,487000,420.56,0.004,0.21,694131.3,103.8833,5917.03,4.5,106
31/01/2005,1.05,351.84,521.71,27.3,1.61,15.81,356073000,8.32,1.04914E+12,1.47528E+11,75.83,15.41,320000,56.31,0.0035,0.21,695104.7,103.37,5784.35,4.5,108.4
28/02/2005,1.05,360.72,535.32,27.8,1.65,16.01,365133800,8.32,1.04925E+12,1.47275E+11,77.92,13.48,542500,336.54,0.0035,-0.1,695736,104.9795,6202.96,4.6,108.2
31/03/2005,1.07,361.85,537.51,28,1.68,16.1,365608400,8.84,1.05661E+12,1.80787E+11,78.06,14.17,613000,1118.33,0.004,0,698263,105.1105,5984,4.5,108.6
29/04/2005,1.17,346.76,515.54,26.7,1.37,15.82,353237200,8.84,1.05661E+12,1.80787E+11,74.62,16.44,695000,267.18,0.004,0.1,697480.5,107.2548,5109.17,4.5,109.1
31/05/2005,1.25,352.31,524.34,26.6,1.4,14.97,359586000,8.84,1.05696E+12,1.8103E+11,75.97,13.77,335000,55.25,0.004,0.1,698358.6,106.669,4526.45,4.5,108.4
30/06/2005,1.22,362.63,540.27,27.8,1.44,15.13,370249000,8.71,1.0704E+12,1.35318E+11,77.95,12.52,703000,271.97,0.004,-0.51,699609.4,108.7209,4982.17,4.3,108.7
29/07/2005,1.19,371.46,553.95,28.5,1.48,15.47,380618000,8.71,1.07041E+12,1.35319E+11,79.53,12.83,467000,247.76,0.004,-0.31,701725.7,111.9395,4919.55,4.4,107.8
31/08/2005,1.13,391.46,584.39,29.9,1.54,16.12,401896400,8.69,1.07089E+12,1.35152E+11,84.33,15.61,535000,555.1,0.004,-0.31,704061.5,110.6232,4945.13,4.3,107.9
30/09/2005,1.03,434.82,649.71,32.9,1.7,16.89,440765400,8.97,1.09559E+12,1.28442E+11,94.05,17.14,856000,367.26,0.004,-0.31,705682.1,111.105,5007.2,4.2,108.9
31/10/2005,1.01,444.4,664.58,32,1.74,17.36,458993400,8.97,1.09569E+12,1.28445E+11,95.76,16.76,578000,853.76,0.004,-0.82,706166.1,114.8629,4674,4.4,108.4
30/11/2005,0.98,473.09,708.07,32.3,1.85,18.09,483817200,8.97,1.09877E+12,1.28213E+11,102.11,15.45,525000,555.3,0.004,-1.02,707193.5,118.4595,5263.3,4.5,110.1
30/12/2005,0.91,509.93,763.82,34.9,1.98,19.33,521661200,8.97,1.09879E+12,1.28221E+11,109.12,22.01,682000,1823.67,0.004,-0.41,707269.4,118.559,6238.74,4.4,110.3
31/01/2006,0.88,525.86,788.29,36,2.06,19.27,542826200,9.09,1.21028E+12,1.16947E+11,113.62,23.49,105000,1107.99,0.004,-0.1,707248.2,115.4457,5945.65,4.4,110.8
28/02/2006,0.92,509.75,764.67,34.8,2.01,18.97,526527700,9.07,1.21123E+12,1.174E+11,111.36,24.13,500000,2757.19,0.004,-0.1,707435.7,117.887,6078.5,4.1,110.7
31/03/2006,0.91,530.47,796.42,36.1,2.08,19.26,548180200,9.6,1.21351E+12,1.88072E+11,115.96,19.09,923000,2416.39,0.016,-0.21,707748.3,117.3109,5655.35,4.1,111.3
28/04/2006,0.95,525.33,789.25,34,1.93,19.95,544322300,9.6,1.21351E+12,1.88078E+11,115.51,17.07,829000,18.48,0.0245,-0.1,708567.9,116.9672,5072.83,4.1,113.5
31/05/2006,1.11,483.34,726.82,26.9,1.78,18.76,501234200,9.59,1.21441E+12,1.8826E+11,106.22,24.43,270000,189.15,0.0615,0.1,707657.6,111.65,4406.94,4.1,111.9
30/06/2006,1.12,484.99,730.01,27,1.77,16.39,503026400,10.17,1.19892E+12,1.38731E+11,107.19,23.51,711000,209.07,0.0845,0.52,707097.7,114.6314,4728.4,4.2,113.3
31/07/2006,1.14,478.8,721.37,26.5,1.74,16.53,496916700,10.16,1.19898E+12,1.38703E+11,106.76,23.95,380000,3869.66,0.2965,0.31,705546.3,115.6776,4953.29,4.1,113.7
31/08/2006,1.1,498.37,751.6,27.5,1.82,17.74,516631000,10.19,1.19942E+12,1.38791E+11,111,18.41,522000,107.26,0.3115,0.93,707176.3,115.865,4801.68,4.1,114.1
29/09/2006,1.13,491.75,742.29,27.1,1.81,17.28,509923300,10.19,1.19945E+12,1.38778E+11,109.4,18.29,538000,22.75,0.306,0.62,709316.5,117.1338,4512.1,4.1,114.1
31/10/2006,1.13,495.28,748.32,26.7,1.82,17.77,515553300,9.89,1.22114E+12,1.46697E+11,110.32,17.71,514000,471.94,0.3045,0.41,710058.4,118.6764,4750.39,4.1,115
30/11/2006,1.17,491.41,743.22,24.7,1.81,17.16,511949800,9.87,1.2219E+12,1.46763E+11,109.46,16.09,651000,2510.32,0.3045,0.31,711339.1,117.2823,5226.83,4,115.4
29/12/2006,1.13,515.16,779.87,26.1,1.9,17.39,536788200,9.87,1.22193E+12,1.46773E+11,115.09,14.01,601500,797,0.3295,0.31,712341,117.1916,5927.58,4,115.7
31/01/2007,1.11,527.67,799.6,26.8,1.95,17.92,553006300,9.63,1.27278E+12,1.55709E+11,117.65,16.15,405000,647.06,0.316,0,713578,120.4464,5226.26,4,114.4
28/02/2007,1.09,536.2,813.2,27.2,1.98,18.28,562520100,9.62,1.27342E+12,1.56087E+11,119.66,20.24,693500,323,0.575,-0.21,714293,120.4835,5575.89,4,115.1
30/03/2007,1.11,524.86,796.75,26.5,1.94,17.7,549724400,9.62,1.27344E+12,1.56083E+11,116.85,18.22,714500,609.7,0.57,-0.1,715379.4,117.2914,5416.42,4,115.1
30/04/2007,1.18,520.37,790.66,25.7,1.93,17.58,546701100,9.19,1.27569E+12,2.0487E+11,116.05,17.03,812000,256.87,0.5615,0,716713.9,118.8895,4913.97,3.8,114.6
31/05/2007,1.22,535.63,814.71,28.1,1.97,17.52,562621400,9.2,1.27652E+12,2.04862E+11,120.35,16.95,793000,28,0.558,0,717991.4,120.8076,4442.13,3.8,115.9
29/06/2007,1.21,540.52,822.95,28.3,1.99,17.91,567296000,9.2,1.27654E+12,2.04868E+11,121.51,16.53,860000,1123.94,0.5545,-0.21,719442.7,122.6657,4606.23,3.7,116
31/07/2007,1.27,518.75,790.62,27.3,1.91,18.1,544540900,9.34,1.32341E+12,1.48113E+11,116.55,21.65,1114000,168.65,0.541,0,720104.8,121.4745,4601.13,3.6,116.1
31/08/2007,1.35,490.9,749.08,25.9,1.81,16.57,515194600,9.34,1.32333E+12,1.48042E+11,110.11,29.77,329000,435.73,0.593,-0.2,719585.9,116.7214,4633.39,3.7,119.1
28/09/2007,1.34,493.52,753.87,26.2,1.83,15.3,518820900,9.34,1.32335E+12,1.4802E+11,110.85,22.28,1158300,597.56,0.558,-0.2,721575.1,115.0485,4897.6,3.9,117.2
31/10/2007,1.34,496.85,759.86,26.2,1.86,16.37,522926800,9.33,1.30968E+12,1.48193E+11,111.06,24.76,910000,315.93,0.538,0.31,723465.6,115.8857,4829.74,4,119.4
30/11/2007,1.45,470.04,719.75,26,1.76,14.72,494652900,9.34,1.31126E+12,1.48574E+11,105.23,26.32,967000,0,0.5695,0.62,725686.2,110.9245,5243.8,3.8,117.7
31/12/2007,1.51,454.47,696.74,25.2,1.71,14.96,478181900,9.44,1.32988E+12,1.5558E+11,101.5,22.23,430000,63.25,0.563,0.72,727503.6,112.3653,5698.23,3.7,118.5
31/01/2008,1.65,412.39,633.15,23,1.57,13.7,433927900,9.45,1.32986E+12,1.55526E+11,92.57,38.43,805000,0,0.5445,0.72,729015.4,107.7068,5337.97,3.9,119.1
29/02/2008,1.68,406.4,624.79,22.6,1.54,13.38,427750900,9.43,1.32957E+12,1.55657E+11,91.06,34.14,552000,482.58,0.5445,1.04,730917.8,107.1124,5850.55,4,119.4
31/03/2008,1.82,373.6,575.21,20.8,1.42,12.18,391914200,9.5,1.31046E+12,2.08267E+11,83.14,37.6,671100,25.82,0.5745,1.24,731594.5,100.8274,5065.55,3.8,118.3
30/04/2008,1.7,414.33,638.84,23.8,1.79,13.52,435576800,9.49,1.31056E+12,2.08376E+11,93.65,27.09,1125000,0,0.575,0.82,730212.9,102.6614,5011.33,3.9,117.6
30/05/2008,1.64,429.36,662.97,24.7,1.85,14.96,451039000,9.48,1.31074E+12,2.08364E+11,96.82,26.47,663000,5.06,0.563,1.34,732675,104.3515,4462.19,4,118.2
30/06/2008,1.78,402.89,622.95,23.2,1.74,15.7,423216900,8.78,1.32968E+12,1.54901E+11,90.55,30.26,937000,0,0.5595,1.96,734960,106.9133,4338.83,4,114.9
31/07/2008,1.82,397.7,615.91,22.7,1.71,14.02,417127700,8.78,1.32973E+12,1.54854E+11,89.21,24.46,770000,48.55,0.5395,2.27,735455.1,106.8457,4464,3.9,114.7
29/08/2008,1.89,384.52,596.41,22,1.66,14.5,403170300,8.76,1.32977E+12,1.5491E+11,86.02,24.24,335000,12,0.5495,2.05,736725.1,109.3185,4182.81,4.1,110.7
30/09/2008,2.18,333.13,517.6,19,1.43,12.87,349107700,8.16,1.31433E+12,1.54624E+11,74.39,42.11,983900,26.85,0.5915,2.05,737261.6,106.6505,4298.87,4,112
31/10/2008,2.71,266.72,415.38,15.4,1.13,11.22,280146700,8.15,1.31438E+12,1.54778E+11,58.82,92.03,352000,11.27,0.5765,1.64,736400.7,100.0778,4350,3.8,109.3
28/11/2008,2.8,258.4,403.27,15.5,1.11,11.73,271397900,8.14,1.31458E+12,1.54874E+11,56.19,66.41,315000,48.43,0.446,1.02,738792.9,96.87,4578.57,4,102
31/12/2008,2.67,266.15,416.39,16,1.14,13.13,279832600,4.93,1.30637E+12,1.58677E+11,57.69,46.31,1333800,2756.38,0.163,0.41,741155.8,91.2695,5122.16,4.4,93.6
30/01/2009,2.89,246.23,386.14,14.9,1.05,14.44,259421100,4.93,1.30636E+12,1.58681E+11,53.16,53.05,499000,0,0.198,0,743676.1,90.2271,4775.32,4.3,85.3
27/02/2009,2.83,235.21,369.67,14.5,0.99,17.12,247767700,4.9,1.30633E+12,1.5861E+11,50.82,47.96,628000,11.54,0.183,-0.1,746642.1,92.8465,4670,4.6,78
31/03/2009,2.74,239.34,377.05,14.8,1.02,18.71,251910600,0.16,1.28209E+12,2.24544E+11,52.02,49.78,1663200,3300.48,0.1715,-0.31,748269.2,97.8509,4553.68,4.8,79
30/04/2009,2.42,257.89,407.15,17.6,1.06,21.59,272472800,0.14,1.28212E+12,2.24673E+11,56.7,33.86,578000,4.4,0.1515,-0.1,749690,98.756,4196.97,5,82.5
29/05/2009,2.13,275.76,436.13,26.5,1.13,23.32,291211500,0.14,1.28224E+12,2.24719E+11,60.63,31.38,515000,0,0.153,-1.12,752021.2,96.5632,3786.13,5.1,85.5
30/06/2009,2.08,285.77,452.76,28.3,1.19,24.29,303339300,-1.48,1.29385E+12,1.45191E+11,62.48,30.51,2290500,12254.03,0.143,-1.72,753134.7,96.6823,4045.43,5.2,87.1
31/07/2009,2.07,292.62,464.49,28.3,1.21,22.73,311651100,-1.51,1.29384E+12,1.45141E+11,64.16,28.23,1389000,9298.22,0.133,-2.22,755395.1,94.4339,3970.13,5.5,88.3
31/08/2009,2.03,297.13,472.43,32.2,1.23,23.88,317566500,-1.52,1.29359E+12,1.45316E+11,65.02,29.72,489400,39.4,0.134,-2.21,757300.1,95.0135,4139.61,5.4,89.6
30/09/2009,2.11,281.72,448.71,30.6,1.15,22.15,301232100,-2.06,1.29865E+12,1.39976E+11,61.17,26.85,898000,1822.37,0.123,-2.21,759118.4,91.4127,4129.2,5.4,92.6
30/10/2009,2,276.52,441.23,31.1,1.14,20.83,297301500,-2.06,1.29865E+12,1.39972E+11,60.2,25.68,780000,5750.76,0.1215,-2.52,761020.9,90.3109,4266.87,5.2,95
30/11/2009,1.97,260.03,415.57,31.9,1.06,18.98,279777800,-2.05,1.29886E+12,1.40043E+11,56.69,26.9,254000,1419.9,0.1315,-1.93,762997.4,89.1419,4385.33,5.2,97
31/12/2009,1.81,280.97,449.77,34.2,1.15,18.84,304712400,0.3,1.31015E+12,1.425E+11,61.54,22.43,1409000,15767.14,0.118,-1.73,764217.7,89.9195,5065.35,5.2,97.8
29/01/2010,1.83,278.97,447.2,33.9,1.14,19.54,302885900,0.3,1.31017E+12,1.42522E+11,61.05,28.6,755000,9881.78,0.1065,-1.02,766263.9,91.143,4799.29,5,100.3
26/02/2010,1.83,276.54,443.94,29.7,1.13,17.23,300358900,0.29,1.30998E+12,1.42432E+11,60.54,24.35,170000,21.94,0.112,-0.72,767506.8,90.1655,4957.36,5,100.7
31/03/2010,1.69,301.78,485.21,33.3,1.23,17.38,324999200,4.15,1.32515E+12,2.04635E+11,66.43,18.66,772300,1372.78,0.1105,-0.82,768552.2,90.757,4706.19,5.1,100.9
30/04/2010,1.63,304.11,489.63,32.6,1.24,17.6,332934900,4.17,1.32529E+12,2.04694E+11,66.74,21.63,1212000,677.05,0.1145,-0.82,771068.5,93.469,4321.67,5.1,102
31/05/2010,1.84,271.98,438.52,20.7,1.11,15.83,297765400,4.2,1.32555E+12,2.04842E+11,59.37,31.07,442000,0,0.1145,-0.72,775184.4,91.8532,3808.58,5.1,101.8
30/06/2010,1.91,260.94,421.38,19.8,1.06,14.95,285900000,5.61,1.37787E+12,1.47009E+11,56.55,29.42,1151500,1762.05,0.117,-0.72,774773.4,90.8077,3938.4,5.2,101
30/07/2010,1.92,263.08,425.53,20,1.07,14.28,289284100,5.61,1.37787E+12,1.47021E+11,57.25,26.98,1045000,7313.38,0.113,-0.93,775916.1,87.4973,4130.81,5,102.1
31/08/2010,2.03,249.56,404.33,15.9,1.01,13.38,274892500,5.68,1.37842E+12,1.46995E+11,54.16,32.06,296000,5237.1,0.1135,-1.13,778406.6,85.3986,4347.68,5.1,102.5
30/09/2010,1.96,257.06,417.17,16.3,1.04,13.3,283051500,6.64,1.38988E+12,1.55224E+11,55.86,24.74,1112600,602.11,0.112,-0.92,780138.8,84.3918,4395.53,5.1,104.1
29/10/2010,2.07,251.34,408.53,15.9,1.01,13.03,277467400,6.64,1.38989E+12,1.55225E+11,54.87,22.64,810000,4371.79,0.1075,-0.21,781838.9,81.7514,3992.42,5.1,101.2
30/11/2010,2,266.57,434.02,15,1.08,13.29,293872600,6.65,1.39023E+12,1.55203E+11,58.25,23.73,580700,5.19,0.113,-0.31,782403.9,82.5709,4518.8,5,102.8
31/12/2010,1.91,277.83,453.13,15.6,1.13,13.84,306139400,7.13,1.39163E+12,1.58963E+11,60.7,18.79,1211800,1843.85,0.107,-0.31,782138.9,83.341,4945.29,4.9,103.4
31/01/2011,1.89,281.31,459.49,15.7,1.14,14.03,311959600,7.14,1.39168E+12,1.58942E+11,61.32,19.41,879600,5592.7,0.1015,-0.52,784211.4,82.6975,4801.9,4.8,103.9
28/02/2011,1.82,293.71,480.42,15.7,1.2,14.09,325812700,7.16,1.39143E+12,1.58956E+11,64.15,19.55,265500,159.34,0.1,-0.52,786270.8,82.603,5003.39,4.7,104.5
31/03/2011,1.99,269.17,441.04,14.4,1.09,11.11,296197600,6.27,1.4149E+12,2.01774E+11,58.52,32.9,926600,1765.68,0.094,-0.52,788510.4,81.6648,4501.68,4.7,87.3
29/04/2011,2.04,264.94,434.82,14.1,1.07,12.47,292669200,6.27,1.4149E+12,2.01773E+11,57.53,22.66,515400,2.37,0.0955,-0.41,791863.6,83.4267,4036.33,4.7,89.2
31/05/2011,2.13,261.61,430.13,14.3,1.06,12.87,288843300,6.25,1.41565E+12,2.02129E+11,56.57,23.3,430000,0,0.0945,-0.41,796007.6,81.1365,3717.35,4.6,95.3
30/06/2011,2.11,264.57,435.8,14.6,1.07,12.79,292198900,5.73,1.43657E+12,1.70447E+11,57.13,22.35,903300,307.32,0.0955,-0.31,796630.1,80.4409,3881.23,4.7,99.3
29/07/2011,2.13,262.23,432.67,14.6,1.06,13.06,289802000,5.73,1.43658E+12,1.70445E+11,56.54,24.64,923000,5.4,0.0975,0.21,798693.4,79.3286,4167.52,4.7,100.5
31/08/2011,2.32,241.33,399,13.8,0.97,11.89,266243700,5.73,1.43682E+12,1.70104E+11,51.52,28.96,108000,461.42,0.0965,0.21,799513.9,76.9764,4394.97,4.5,102.2
30/09/2011,2.35,239.33,396.48,13.7,0.96,11.36,263920100,5.28,1.44671E+12,1.77226E+11,50.76,35.36,1143100,363.18,0.0965,0,801514,76.8009,4231.3,4.2,101.3
31/10/2011,2.36,240.03,398.41,13.8,0.97,11.55,265256200,5.29,1.44659E+12,1.77141E+11,51.18,24.27,764000,15.92,0.0965,-0.21,803722.6,76.641,4342.55,4.4,103.1
30/11/2011,2.54,228.84,380.65,13.7,0.92,11.43,252338800,5.29,1.44707E+12,1.77282E+11,48.67,25.8,486000,10.38,0.0945,-0.52,805654.1,77.5055,4530.53,4.5,100.9
30/12/2011,2.53,229.35,382.31,13.7,0.92,11.56,252902900,5.29,1.44707E+12,1.77291E+11,48.63,21.48,939000,994.39,0.091,-0.21,806482.7,77.818,5377.06,4.5,102.9
31/01/2012,2.45,236.26,394.66,14.5,0.95,11.4,260916100,3.82,1.44958E+12,1.75131E+11,50.33,20.73,478000,0,0.094,0.1,808092.8,76.9576,5125.84,4.5,103.3
29/02/2012,2.23,260.44,435.87,17.3,1.05,12.3,287692300,3.84,1.44931E+12,1.753E+11,55.97,23.39,684000,208.18,0.0945,0.31,809359.2,78.5214,5505.17,4.5,103.1
30/03/2012,2.17,266.84,447.41,17.8,1.07,12.81,294671600,3.84,1.44931E+12,1.75306E+11,57.13,19.42,903500,1467.32,0.091,0.52,811585.7,82.4268,5098.87,4.5,102.9
30/04/2012,2.3,252.27,423.75,16.5,0.94,11.96,278953200,4.98,1.48886E+12,2.12312E+11,53.66,20.53,613000,8.02,0.091,0.41,812564.4,81.2184,4327.17,4.5,102.4
31/05/2012,2.58,226.74,381.71,13.2,0.84,10.93,250616200,5.01,1.4898E+12,2.1206E+11,47.96,26.22,632000,0,0.0915,0.21,813468,79.6677,4318.35,4.4,100.6
29/06/2012,2.42,241.98,408.19,14.1,0.9,10.51,267144300,5.01,1.48986E+12,2.11998E+11,51.3,21.84,605100,3.85,0.0965,-0.21,814578.8,79.4068,4058.8,4.3,99.8
31/07/2012,2.52,232.48,393,13.6,0.86,10.78,257222800,5.13,1.48093E+12,2.10021E+11,49.02,20.17,809500,1906.49,0.095,-0.52,817129.7,78.9768,4324.77,4.3,99.3
31/08/2012,2.53,231.69,392.52,13.5,0.85,10.99,256374700,5.13,1.48109E+12,2.10288E+11,48.76,20.84,235000,263.6,0.095,-0.41,819330.7,78.6827,4574.71,4.2,97.8
28/09/2012,2.52,233.47,396.29,13.5,0.86,11.18,257629400,5.13,1.48111E+12,2.10263E+11,49.17,17.87,1145300,8.67,0.093,-0.31,821125.8,78.1435,4391.07,4.2,95.7
31/10/2012,2.52,234.75,399.35,13.7,0.86,10.92,260633100,4.54,1.48522E+12,2.04451E+11,49.55,19.01,769400,67.97,0.093,-0.41,822066.2,78.9913,4372.13,4.1,96
30/11/2012,2.42,246.46,420.16,14.3,0.91,10.89,273510400,4.54,1.48607E+12,2.04785E+11,52.25,17.11,474000,38.34,0.093,-0.1,822290,81.0318,4585.17,4.1,95.1
31/12/2012,2.22,268.81,459.14,15.6,1,12.26,298014000,5.87,1.54067E+12,2.16293E+11,57.69,22.45,861100,545.18,0.0925,-0.21,826633.9,83.6342,5433.45,4.3,96.4
31/01/2013,2.02,294.38,503.76,16.5,1.09,13.28,327663900,5.91,1.54082E+12,2.16219E+11,63.11,23.29,556000,34.11,0.093,-0.31,829434.8,89.0577,5118.39,4.2,94.8
28/02/2013,1.95,306.27,524.91,15.9,1.14,13.68,340933900,5.9,1.54271E+12,2.16031E+11,65.44,27.8,577000,34.4,0.0915,-0.73,832669,93.085,5235.64,4.3,96.5
29/03/2013,1.83,326.35,560.15,16.9,1.21,14.08,363081000,5.9,1.54274E+12,2.16028E+11,69.35,25.67,875000,548.04,0.063,-0.93,836210.5,94.7815,4721.77,4.1,97.7
30/04/2013,1.64,367.37,631.48,18.9,1.22,14.8,409849600,5.88,1.60308E+12,2.1001E+11,78.09,25.25,1145000,35.9,0.0705,-0.72,838675.4,97.9562,4327.93,4.1,97.7
31/05/2013,1.73,357.98,616.21,17.7,1.2,15.85,399352800,5.9,1.60483E+12,2.09876E+11,76.27,36.6,452000,0,0.072,-0.31,841700.8,100.989,4063.1,4.1,99.3
28/06/2013,1.74,357.19,615.72,17.7,1.19,13.48,398444000,5.9,1.60488E+12,2.09856E+11,76.29,35.17,1508100,639.39,0.078,0.21,845635.4,97.336,3861.7,3.9,98.2
31/07/2013,1.74,356.6,615.6,17.1,1.18,14.77,398193400,6.92,1.62101E+12,1.45261E+11,76.09,28.67,881500,5511.21,0.0755,0.73,847996.3,99.6787,4339.58,3.8,99.8
30/08/2013,1.79,348.17,601.92,15.8,1.15,13.96,388735500,6.92,1.62103E+12,1.45263E+11,74.36,28.82,136500,135.02,0.077,0.83,850555,97.7371,4353.97,4.1,100
30/09/2013,1.65,376.24,651.33,17,1.25,14.08,419913500,7.95,1.66199E+12,1.93324E+11,80.07,26.36,746800,1333.77,0.055,1.04,853134.1,99.22,4085.03,3.9,101
31/10/2013,1.7,375.74,651.41,16.9,1.25,14.24,421714200,7.94,1.6621E+12,1.93442E+11,80.12,21.33,563900,1353.79,0.061,1.14,855974.3,97.7743,4146.84,4,101.2
29/11/2013,1.67,395.61,686.82,16.5,1.32,14.25,443045100,7.94,1.66216E+12,1.93449E+11,84.75,22.96,389500,124.03,0.058,1.57,857553,100.1586,4786.5,3.9,101.8
31/12/2013,1.61,409.21,711.44,16.8,1.38,14.35,458472700,8.26,1.74541E+12,2.12653E+11,87.63,22.84,827500,1387.32,0.058,1.67,861001.2,103.397,5196.97,3.7,101.8
31/01/2014,1.71,384.91,670.15,15.7,1.29,14.57,433178900,8.26,1.74581E+12,2.12647E+11,81.79,29.11,387500,2498.48,0.0555,1.36,864755.6,103.7818,5000.68,3.7,103.8
28/02/2014,1.74,382.61,667.04,14.9,1.28,13.93,430751000,8.26,1.74577E+12,2.12869E+11,81.35,25.93,606000,690.61,0.055,1.57,865335.6,102.0695,5246.29,3.6,102.7
31/03/2014,1.76,378.98,661.66,14.7,1.27,13.2,426759400,8.46,1.7413E+12,1.88464E+11,80.55,24.2,498000,2155.9,0.0375,1.67,866253.1,102.3448,4835.9,3.6,104.2
30/04/2014,1.87,366.64,641.1,13.9,1.1,12.78,413895400,8.46,1.74153E+12,1.88648E+11,77.82,22.51,790500,204.49,0.0515,3.43,868100.3,102.4785,4038.57,3.6,99.6
30/05/2014,1.91,379.44,664.58,14.4,1.13,13.2,428245000,8.46,1.74158E+12,1.88638E+11,80.61,19.75,780000,3.37,0.0545,3.74,868960.8,101.743,3770,3.6,101.9
30/06/2014,1.82,398.34,698.71,15.1,1.19,13.87,450014000,8.29,1.75842E+12,1.83952E+11,84.56,17.34,1101300,3592.34,0.048,3.63,871522.4,102.0595,3757.3,3.7,100.3
31/07/2014,1.78,407.02,715.07,15.4,1.21,14.13,461034000,8.29,1.75861E+12,1.83973E+11,86.37,16.02,949100,2757.95,0.0355,3.52,873520,101.7652,3907.19,3.7,100.1
29/08/2014,1.8,402.92,708.91,15.5,1.2,13.8,456387600,8.29,1.75862E+12,1.8396E+11,85.36,15.94,168000,7,0.0335,3.31,876043.5,102.89,3879.26,3.5,99.5
30/09/2014,1.74,417.22,735.15,16.2,1.24,14.2,472726000,8.37,1.80662E+12,1.79606E+11,88.83,17.55,1423100,213.5,0.012,3.3,879375.8,107.2732,3775.53,3.5,100.7
31/10/2014,1.77,419.78,740.88,16,1.24,13.08,476533000,8.37,1.80688E+12,1.79767E+11,89.53,25.22,511000,374.95,0.0155,2.88,882773.9,108.0361,3929.61,3.6,100.4
28/11/2014,1.72,443.17,783.21,16.4,1.31,14.8,503123200,8.37,1.80701E+12,1.79752E+11,95.07,23.8,138000,283.69,0.017,2.36,887341.4,116.3205,4278.93,3.5,100.4
31/12/2014,1.72,442.73,783.61,16.3,1.31,14.09,502781400,8.23,1.88625E+12,1.78593E+11,94.75,26.36,1044500,997.64,0.025,2.36,890864.9,119.359,5019.9,3.4,99.9
30/01/2015,1.71,446.25,791.01,16.4,1.31,14.17,509738000,8.23,1.88624E+12,1.78602E+11,95.2,21.67,206000,11.39,0.033,2.47,893085,118.2686,4565.03,3.5,102.9
27/02/2015,1.6,479.53,851.09,17.3,1.4,14.76,547675900,8.23,1.88634E+12,1.78303E+11,102.76,20.55,857000,46.23,0.0255,2.26,895213.7,118.7445,5082.36,3.5,99.8
31/03/2015,1.59,486.24,864.16,17.5,1.43,15.67,554427100,8.04,1.93545E+12,1.39366E+11,104.15,22.71,747000,1282.73,0.02,2.26,897784.8,120.4036,4548.87,3.4,99.3
30/04/2015,1.59,500.41,890.5,18.1,1.49,15.82,571686400,8.04,1.93571E+12,1.39512E+11,107.47,21.2,297000,1817.8,0.026,0.7,899797.5,119.5645,4205.6,3.4,99.5
29/05/2015,1.58,524.72,934.96,18.7,1.57,15.79,599434000,8.04,1.93575E+12,1.39538E+11,113.02,18.47,377000,0,0.027,0.5,903840,120.8242,3639.13,3.3,99.5
30/06/2015,1.62,512.42,914.3,18.2,1.52,15.85,584499700,8.52,1.95408E+12,1.30025E+11,109.76,21.41,1155500,2153.9,0.0225,0.4,905275.3,123.7823,3720.07,3.4,100.4
31/07/2015,1.59,523.44,935.28,18.1,1.55,15.67,597887700,8.53,1.95432E+12,1.30029E+11,111.71,17.57,697700,3542.02,0.0175,0.2,908109,123.3057,3841.23,3.3,100.3
31/08/2015,1.72,484.17,866.26,15.9,1.44,15.82,553029400,8.53,1.95425E+12,1.30402E+11,103.09,33.21,207000,129.3,0.0205,0.2,912103.5,123.1275,3958.94,3.4,98.6
30/09/2015,1.87,445.71,798.68,14.6,1.33,13.8,509294800,8.63,1.95544E+12,1.21308E+11,94.45,32.19,716000,160.45,0.015,0,912484.7,120.1541,3902.1,3.4,100.6
30/10/2015,1.75,491.01,881.18,16.1,1.46,14.19,562000900,8.63,1.95545E+12,1.21304E+11,104.69,23.44,434000,95.58,0.0155,0.2,914351.9,120.0332,3877.81,3.2,100.7
30/11/2015,1.73,499.66,897.95,16.6,1.44,15.01,588591400,8.62,1.9564E+12,1.21958E+11,106.07,21.65,265000,128.83,0.0125,0.3,916017,122.6686,4020.87,3.3,99.9
31/12/2015,1.76,490.06,882.05,16.2,1.41,14.27,577155600,8.05,2.57297E+12,68107580000,103.68,19.47,889000,251.42,0.012,0.1,918273,121.7462,4657.32,3.3,98.5
29/01/2016,1.89,455.94,821.93,15.1,1.31,13.32,536977700,8.05,2.57297E+12,68115950000,95.72,31.72,345000,13.07,0,-0.1,920969.2,118.213,4386.16,3.2,100.1
29/02/2016,2.08,415.3,749.89,14,1.18,12.59,488922900,8.03,2.57371E+12,68369060000,86.45,34.84,704000,17.43,-0.088,0.2,923075.6,114.6333,4673,3.3,99.2
31/03/2016,2,431.3,780.17,14.6,1.22,13.52,507102000,7.81,2.55682E+12,35760060000,89.53,22.71,854000,283.8,-0.1165,0,925639.5,112.8786,4397.52,3.2,99.7
29/04/2016,2,428.47,776.31,14.8,1.15,12.9,504493800,7.81,2.55683E+12,35769590000,89.15,27.55,676000,98.28,-0.133,-0.3,929719.2,109.5786,3963.67,3.2,99.3
31/05/2016,1.98,440.27,799.05,15.6,1.19,13.56,518136600,7.81,2.55767E+12,35856340000,91.67,25.81,288800,0,-0.118,-0.4,933311,108.939,3569.61,3.1,98.5
30/06/2016,2.18,399.39,726.17,14.1,1.08,13.11,469839600,7.56,2.56002E+12,10034350000,82.54,29.67,1023500,140.39,-0.121,-0.3,935665.7,105.3023,3551.9,3.1,99.2
29/07/2016,2.06,422.42,769.35,15.2,1.14,13.51,496945400,7.56,2.56003E+12,10032940000,87.84,26.6,1780000,1292.73,-0.1315,-0.5,938211.8,104.1348,3769.58,3,99.8
31/08/2016,2.07,422.08,770.15,15.6,1.15,13.66,495782400,7.54,2.55992E+12,10043040000,88.82,22.7,541000,17.93,-0.128,-0.5,940769.7,101.1809,3851.13,3.1,100.5
30/09/2016,2.08,420.43,768.48,15.6,1.15,13.81,494276600,7.45,2.5553E+12,9242526000,87.95,22.14,2294500,331.14,-0.128,-0.5,943374,101.8505,3713.57,3,100.7
31/10/2016,1.98,440.78,807,16.5,1.21,13.98,519368400,7.45,2.55544E+12,9377186000,92.63,19.12,835000,60.6,-0.128,0.2,946503.3,103.9038,3768.13,3,101
30/11/2016,2,462.44,848.11,17,1.27,14.34,544277000,7.46,2.55641E+12,9753362000,97.9,19.36,345100,206.09,-0.128,0.5,950401.2,108.5782,4148.2,3.1,102
30/12/2016,1.94,478.51,879.03,17.6,1.31,15.38,563104500,7.46,2.55643E+12,9758601000,101.15,21.17,929000,115.66,-0.168,0.3,954112.4,116.048,4586.71,3.1,102
31/01/2017,1.94,478.41,880.28,17.5,1.3,14.76,563821300,7.61,2.67679E+12,11732950000,101.18,20.75,738000,120.73,-0.168,0.5,957638.7,114.84,4167.39,3,100.9
28/02/2017,1.92,482.32,888.77,17.1,1.3,14.8,568436500,7.61,2.67779E+12,11675080000,101.95,18.67,555000,15.27,-0.18,0.2,961457.1,112.9715,4554.82,2.9,101.6
31/03/2017,1.95,475.97,878.55,16.8,1.29,14.83,560395300,8.32,2.69016E+12,-14642250000,100.42,18.55,1407000,574.32,-0.225,0.2,964512.8,112.9087,4269.9,2.8,101.5
28/04/2017,1.97,481.35,889.84,16.8,1.21,13.78,567574500,8.32,2.69016E+12,-14644740000,101.7,14.81,857400,142.08,-0.1915,0.4,966333.7,110.275,3831.17,2.8,104.1
31/05/2017,1.98,492.72,912.43,15.8,1.23,14.74,580279600,8.34,2.69119E+12,-14774600000,103.89,13.9,722000,23.92,-0.1915,0.4,968620.8,112.2433,3543.74,3.1,102.3
30/06/2017,1.94,504.78,936.31,16.2,1.27,14.65,594107100,8.73,2.70554E+12,-19127300000,106.61,15.75,1426400,295.06,-0.183,0.3,972301.7,110.8932,3513.83,2.8,103.3
31/07/2017,1.93,506.28,940.56,15.9,1.27,14.73,596292400,8.73,2.70588E+12,-19117440000,106.88,13.88,1353500,1437.84,-0.178,0.5,975642.1,112.4552,3626.39,2.8,102.5
31/08/2017,1.94,505.73,941.15,15.4,1.26,14.46,595484200,8.75,2.70642E+12,-19119680000,106.51,15.14,698000,116.51,-0.178,0.6,978270.5,109.8164,3736.68,2.7,104
29/09/2017,1.88,522.14,973.2,15.9,1.3,14.42,614664200,8.75,2.70645E+12,-19067950000,110.39,15.5,919200,457.7,-0.178,0.7,981145,110.7524,3668.93,2.8,103
31/10/2017,1.83,549.43,1025.65,16.5,1.37,15.07,647447000,8.73,2.74841E+12,-26155570000,116.66,15.11,950000,98.13,-0.178,0.2,984601.7,112.9023,3639.19,2.7,103.3
30/11/2017,1.85,558.98,1045.11,16.6,1.39,15.18,658742500,8.74,2.74958E+12,-25818060000,118.34,17.03,382000,313.55,-0.171,0.5,988140.8,112.7964,4138.37,2.7,104.2
29/12/2017,1.82,565.42,1058.72,16.8,1.41,15.19,667014100,8.74,2.75031E+12,-25739970000,119.92,16.03,1265000,647.05,-0.148,1.1,988614.5,112.9668,4540.55,2.7,105.8
31/01/2018,1.8,572.4,1073.47,17,1.42,15.7,676347100,9.25,2.78542E+12,-13897740000,121.38,17.97,500500,114.66,-0.1445,1.3,990693,110.8286,4300.52,2.4,101.4
28/02/2018,1.88,551.56,1035.89,15.1,1.37,13.96,651555800,9.25,2.7853E+12,-14168440000,116.78,22.09,307500,46.34,-0.158,1.5,992516.2,107.878,4603.64,2.5,104
30/03/2018,1.94,536.71,1009.65,14.7,1.34,13.99,633355500,9.26,2.78537E+12,-14295330000,113.25,22.55,681000,357.93,-0.1785,1.1,994387.4,106.0517,4075.13,2.5,105.1
30/04/2018,1.91,554.94,1045.55,15.1,1.32,13.76,655669500,9.7,2.76419E+12,-31879790000,117.34,16.16,848500,203.53,-0.203,0.6,996885.7,107.7483,3596.87,2.5,104.5
31/05/2018,2.01,546.16,1030.79,14.3,1.3,14.29,644646900,9.7,2.76544E+12,-31889440000,115.3,17.09,599500,296.43,-0.203,0.6,999122.8,109.7352,3430,2.3,104.8
29/06/2018,2.03,541.8,1024.22,14.2,1.3,14.08,639538200,9.7,2.76547E+12,-31894290000,114.39,19.4,1428000,987.91,-0.203,0.7,1002280.5,110.06,3231.2,2.5,103.7
31/07/2018,2.01,547.78,1037.29,14.3,1.31,13.61,647695100,10.03,2.77719E+12,-41411700000,116.04,15.68,1351000,413.14,-0.203,0.9,1004214.4,111.4634,3498,2.5,103.8
31/08/2018,2.04,542.44,1029.05,13.5,1.3,13.24,641486800,10.03,2.77788E+12,-41199340000,115.04,15.08,348000,53.17,-0.203,1.3,1006215.7,111.0023,3592.77,2.5,103.6
28/09/2018,1.95,567.39,1078.05,14.2,1.37,13.55,670068700,10.03,2.77797E+12,-41201050000,120.6,16.76,1073000,278.18,-0.203,1.19,1008591.5,112.033,3489.67,2.3,103.5
31/10/2018,2.18,515.12,980.53,12.9,1.25,12.97,608620300,9.94,2.8299E+12,-20344470000,109.35,26.28,1091000,935.57,-0.0015,1.39,1010704.3,112.7496,3616.71,2.4,105.6
30/11/2018,2.21,523.06,997.52,12.8,1.27,12.66,617707800,9.93,2.83106E+12,-19941650000,110.69,20.1,736500,81.57,-0.0015,0.89,1010892.2,113.3282,3854.8,2.5,104.6
31/12/2018,2.46,470.15,898.33,11.5,1.16,12.18,554758700,9.4,2.83474E+12,-22381850000,99.45,29.32,1190100,247.77,-0.0015,0.3,1012490.4,112.2758,4191.77,2.4,104.7
31/01/2019,2.33,492.24,942.53,12.1,1.21,12.15,591144700,9.4,2.83492E+12,-22560110000,104.65,18.86,718000,0,-0.0015,0.2,1014132.4,108.9227,4053.55,2.5,102.3
28/02/2019,2.28,504.93,968.55,13.3,1.24,12.49,605187800,9.4,2.83475E+12,-22634180000,107.05,16.78,283000,41.56,-0.0015,0.2,1016186.6,110.439,4297.89,2.4,103.3
29/03/2019,2.31,499.71,960.31,13.2,1.23,12.88,597618900,9.4,2.83481E+12,-22688480000,106.06,17.22,785000,97.93,-0.0015,0.5,1018113.7,111.1548,3816.94,2.5,102.8
30/04/2019,2.28,508.32,978.74,13.3,1.26,13.11,608778000,8.83,2.84907E+12,-32550140000,108.08,16.76,1643500,31.52,-0.0015,0.89,1021726.8,111.5973,3571.97,2.4,102.7
31/05/2019,2.48,477.45,921.23,13.2,1.18,12.51,571295000,8.83,2.85104E+12,-32006050000,100.86,20.25,810100,118.46,-0.0015,0.79,1025178.8,109.9581,3306.74,2.4,104.2
28/06/2019,2.42,488.59,944.5,13.6,1.21,12.74,584908800,8.83,2.85105E+12,-32004020000,103.54,16.78,1489000,49.86,-0.0015,0.69,1025513,108.087,3298.13,2.3,101.5
31/07/2019,2.4,493.6,956.21,14,1.22,13.11,590697000,8.57,2.88588E+12,-26768460000,104.46,15.72,1925500,309.81,-0.0015,0.59,1027528.8,108.2611,3391.06,2.3,102.2
30/08/2019,2.48,478.42,928.75,13.5,1.18,12.51,572249900,8.57,2.8859E+12,-26817130000,100.99,18.1,466400,81,-0.0015,0.2,1030041.6,106.2552,3424.71,2.3,100.5
30/09/2019,2.37,501.33,975.11,14.2,1.24,13.62,598890800,8.16,2.92023E+12,-32713010000,106.13,17.35,2729900,66.68,-0.0015,0.2,1032567.7,107.4829,3473.37,2.4,102.4
31/10/2019,2.34,525.32,1023.88,14.8,1.3,13.79,627504900,8.16,2.92049E+12,-32700310000,111.34,14.25,1756500,337.94,-0.0015,0.2,1034860.6,108.1554,3348.9,2.4,98.3
29/11/2019,2.31,535.87,1046.39,15.9,1.33,14.58,640470800,8.16,2.92058E+12,-32716040000,113.43,14.37,615800,83.11,-0.0015,0.49,1037894.3,108.9086,3736.53,2.2,97.7
31/12/2019,2.28,541.59,1059.6,16.1,1.33,14.91,646802900,7.77,2.95158E+12,-994897900,114.82,14.8,1683100,979.96,-0.0015,0.79,1039976.2,109.1119,4148.48,2.2,97.9
31/01/2020,2.33,531.01,1041.01,15.7,1.31,14.83,633714700,7.76,2.95166E+12,-1054581000,112.62,18.59,834200,0,-0.0015,0.69,1042299.7,109.2855,3709.35,2.4,99.8
28/02/2020,2.59,478.66,940.07,14.5,1.18,14.25,570131500,7.76,2.9517E+12,-1096655000,101.57,42.81,526600,78.63,-0.0015,0.49,1046395.1,110.03,3942.97,2.4,99.5
31/03/2020,2.79,444.86,875.79,13.5,1.09,11.08,529139200,6.42,2.97008E+12,4973785000,93.87,49.94,1278300,127.58,-0.0015,0.39,1051368.5,107.7064,3425.52,2.5,95.8
30/04/2020,2.67,464.08,915.77,14.3,1.14,13.51,551721200,6.42,2.96993E+12,5141484000,98.17,31.39,946200,44.1,-0.0015,0.1,1059234.1,107.7285,3078.37,2.6,86.4
29/05/2020,2.47,496.02,980.89,16.8,1.22,14.54,588487400,6.42,2.96993E+12,5128516000,104.88,27.6,681000,0,-0.0015,0,1077196.9,107.2668,2728.1,2.9,78.7
30/06/2020,2.48,495.02,980.94,16.9,1.23,16.85,586178800,5.06,3.02868E+12,-12952360000,104.8,29.12,1910700,58.64,-0.0015,0.1,1099866.6,107.605,2860.43,2.8,80.2
31/07/2020,2.54,476.77,946.83,17.1,1.19,17.35,567044900,5.05,3.02884E+12,-12884410000,100.7,25.96,2543300,567.57,-0.0015,0.3,1108556.4,106.7357,2981.48,2.9,87.2
31/08/2020,2.34,513.59,1021.91,20.3,1.28,17.9,609797100,5.03,3.02897E+12,-14141990000,108.92,22.99,256500,52.56,-0.0015,0.2,1118419.7,106.0465,3037.23,3,88.1
30/09/2020,2.33,516.88,1030.48,20.4,1.28,17.92,613872400,4.68,3.07008E+12,-35573440000,108.91,23.7,1854700,886.94,-0.0015,0.1,1125114.4,105.6116,3059.7,3,91.5
